a,104906
li,86926
div,38888
ul,17425
script,16445
p,15766
input,14617
span,13117
td,8177
h2,8124
link,7723
h3,7212
img,6739
strong,4670
tr,4393
meta,4378
nav,1646
label,1615
h1,1583
form,1288
h4,1263
html,1139
title,1003
body,1002
head,1000
button,916
em,785
option,752
table,546
tbody,546
b,532
font,385
h5,337
th,268
style,240
noscript,237
area,234
ol,218
article,202
address,178
i,175
footer,170
br,167
header,161
hr,158
iframe,123
sup,112
section,85
map,70
aside,63
h6,62
time,58
u,56
select,55
dd,46
figure,44
thead,41
col,31
abbr,31
small,29
fieldset,27
source,26
dt,25
center,25
legend,23
blockquote,21
svg,20
use,20
dl,19
param,18
pre,17
textarea,15
apm_do_not_touch,13
video,13
x,12
picture,12
cite,12
vkfQb,12
j,10
hgroup,10
caption,10
v,9
colgroup,9
h,8
xml,8
A,8
d,8
q,7
z,7
o,7
figcaption,7
acronym,7
e,6
vkV_bufQb,6
l,6
ins,5
c,5
IMG,5
r,5
nobr,4
vllYc,4
main,4
nźb,4
nh,4
object,4
g,4
y,3
eaa3c8e0bb360240a7fce5c54e26205b,3
vV_bufQb,3
k,3
mfQb,3
xxvV_bufQb,3
t,3
f,3
e7073f74c975ed469a90543f1bc910fd,3
MvkfQb,3
ky,2
ÖÖńŔńŞä,2
ż,2
bsj,2
e8171ab68e05204195b3886cfe59bddd,2
del,2
ԝ,2
base,2
e9dc3c8b4c059346a19bb0446fc65f60,2
frame,2
fff936269688dad809c5e971e3a4e61f,2
Ľrŕr,2
Ç,2
n,2
ff2c206132e06a46b732d8bba15e55cb,2
s,2
fefdc723b4fb3a42a2597631032867fd,2
d99619566731415085341ce4500ff79f,2
bad50e5c449cb324495d2936692e76e2,2
a7cb510fa44b5a4aaf73b891e6695628,2
fef3408c3ac11844ab7aa27bd198f6ac,1
rˇ,1
u4bd,1
r89,1
LINK,1
h8k,1
xr0,1
dԊ,1
xxvfQb,1
kx,1
noframes,1
lv,1
yn,1
u4,1
cf56b4f0f6b4af4abea96663edfc97c1,1
embed,1
dz,1
jd,1
an,1
tf,1
d7022e65a8741e4ca81f9ba88ebba60b,1
tl,1
piŮ,1
rv,1
c81c9569ee78834990e400fa8477b299,1
vz,1
y2t,1
kw,1
vp,1
rl,1
sϧ,1
ϩ,1
ca,1
php,1
wb,1
q2,1
dc,1
a8f31fa6bf0f19429d3e27dab7f1d439,1
Éfö,1
g8,1
w,1
zĽ,1
frameset,1
xa,1
bԩ,1
ś,1
rw,1
yd6,1
p8,1
ʃ7,1
dj,1
ya,1
vq,1
bd77b9b774316d46ac798705a1b9b22b,1
tv,1
feff0045006d00610069006c005300750062006d006900740042007500740074006f006e0031005b0030005d,1
yä,1
hk,1
vvvđđđ,1
rq,1
mph,1
bĐÂŠ,1
none,1
rk,1
nĚu,1
cw,1
fm,1
